time,latitude,longitude,depth,mag,magType,nst,gap,dmin,rms,net,id,updated,place,type,horizontalError,depthError,magError,magNst,status,locationSource,magSource
2020-10-09T17:01:08.450Z,38.8213348,-122.8046646,2.84,0.83,md,21,36,0.0047,0.01,nc,nc73468771,2020-10-09T17:02:42.599Z,"6km NW of The Geysers, CA",earthquake,0.24,0.53,0.25,2,automatic,nc,nc
2020-10-09T17:00:54.090Z,38.7994995,-122.7750015,1.57,0.24,md,8,165,0.03118,0.07,nc,nc73468766,2020-10-09T17:02:27.311Z,"3km NNW of The Geysers, CA",earthquake,0.82,1.29,,1,automatic,nc,nc
2020-10-09T16:46:57.070Z,35.8891667,-117.6961667,7.19,0.68,ml,11,108,0.0694,0.11,ci,ci39658048,2020-10-09T16:50:49.032Z,"20km ESE of Little Lake, CA",earthquake,0.29,0.84,0.236,8,automatic,ci,ci
2020-10-09T16:33:02.293Z,67.2214,-163.5154,0.2,3.5,ml,,,,0.81,ak,ak020d0at4y4,2020-10-09T17:08:58.040Z,"45 km SSW of Noatak, Alaska",earthquake,,0.7,,,automatic,ak,ak
2020-10-09T16:32:25.140Z,36.6489983,-121.2856674,5.04,1.82,md,15,68,0.04464,0.2,nc,nc73468761,2020-10-09T16:34:02.731Z,"16km S of Tres Pinos, CA",earthquake,0.54,1.47,0.28,11,automatic,nc,nc
2020-10-09T16:27:36.169Z,63.0069,-151.5019,3.3,1.8,ml,,,,0.75,ak,ak020d0as0k9,2020-10-09T16:31:11.783Z,"60 km S of Denali National Park, Alaska",earthquake,,0.3,,,automatic,ak,ak
2020-10-09T16:13:56.310Z,38.1862,-117.8523,12.1,1.2,ml,16,72.24,0.014,0.1,nn,nn00777952,2020-10-09T16:20:55.928Z,"31 km SE of Mina, Nevada",earthquake,,1.2,,,automatic,nn,nn
2020-10-09T16:06:30.820Z,39.8795,-118.406,10,1.1,ml,10,142.91,0.596,0.18,nn,nn00777949,2020-10-09T16:14:53.709Z,"33 km S of Lovelock, Nevada",earthquake,,1.2,,,automatic,nn,nn
2020-10-09T15:52:46.320Z,38.1497,-118.0107,5.3,1.6,ml,14,108.72,0.038,0.06,nn,nn00777945,2020-10-09T16:01:35.908Z,"28 km SSE of Mina, Nevada",earthquake,,0.7,,,automatic,nn,nn
2020-10-09T15:46:18.080Z,38.1378,-117.7917,13.5,1.1,ml,8,112,0.06,0.03,nn,nn00777942,2020-10-09T15:53:34.310Z,"39 km SE of Mina, Nevada",earthquake,,1.1,,,automatic,nn,nn
2020-10-09T15:40:20.700Z,33.8378333,-117.0258333,14.08,1.1,ml,31,66,0.131,0.23,ci,ci39658000,2020-10-09T15:44:10.618Z,"9km NW of San Jacinto, CA",earthquake,0.32,0.8,0.205,30,automatic,ci,ci
2020-10-09T15:35:53.470Z,35.8803333,-117.6836667,4.43,0.69,ml,14,101,0.08649,0.15,ci,ci39657992,2020-10-09T16:11:15.739Z,"21km ESE of Little Lake, CA",earthquake,0.24,0.53,0.266,5,reviewed,ci,ci
2020-10-09T15:35:21.920Z,17.9385,-66.8535,17,2.16,md,13,203,0.0447,0.24,pr,pr2020283010,2020-10-09T16:07:16.198Z,"5 km SE of Maria Antonia, Puerto Rico",earthquake,1.14,0.65,0.31,10,reviewed,pr,pr
2020-10-09T15:26:28.647Z,27.8841,56.3344,43.65,4.4,mb,,134,2.929,0.86,us,us6000c74a,2020-10-09T16:51:20.040Z,"77 km N of Bandar Abbas, Iran",earthquake,13,11.1,0.143,14,reviewed,us,us
2020-10-09T15:24:42.150Z,35.669,-117.4045,2.96,-0.24,ml,5,186,0.0948,0.08,ci,ci39657976,2020-10-09T16:13:51.770Z,"11km SSW of Trona, CA",earthquake,0.46,0.94,0.089,2,reviewed,ci,ci
2020-10-09T15:24:25.640Z,38.8003349,-122.7731705,0.6,0.93,md,15,74,0.01356,0.04,nc,nc73468736,2020-10-09T16:34:06.870Z,"3km NNW of The Geysers, CA",earthquake,0.23,0.48,0.11,3,automatic,nc,nc
2020-10-09T15:13:42.667Z,32.1018,-106.721,5.4,2.7,ml,,139,0.998,1.43,us,us6000c745,2020-10-09T15:27:47.040Z,"2 km SSW of La Mesa, New Mexico",earthquake,2.3,5.5,0.105,12,reviewed,us,us
2020-10-09T15:00:12.160Z,35.905,-117.6825,9.59,0.45,ml,9,104,0.05012,0.09,ci,ci39657944,2020-10-09T15:57:04.088Z,"20km E of Little Lake, CA",earthquake,0.26,0.6,0.027,7,reviewed,ci,ci
2020-10-09T14:57:27.309Z,36.36466667,-97.34316667,6.66,1.95,ml,99,36,0.09988040006,0.27,ok,ok2020twjl,2020-10-09T16:01:42.394Z,"9 km NNW of Perry, Oklahoma",earthquake,,0.5,0.22,14,reviewed,ok,ok
2020-10-09T14:48:29.250Z,36.1063333,-117.8461667,3.42,1.23,ml,14,80,0.01325,0.13,ci,ci39657928,2020-10-09T14:52:17.833Z,"11km NE of Coso Junction, CA",earthquake,0.3,0.35,0.223,20,automatic,ci,ci
2020-10-09T14:45:51.710Z,34.0073333,-116.3275,10.73,0.57,ml,8,130,0.08068,0.12,ci,ci39657936,2020-10-09T16:15:21.672Z,"14km S of Joshua Tree, CA",earthquake,0.34,0.54,0.082,3,reviewed,ci,ci
2020-10-09T14:45:14.970Z,33.3956667,-116.4078333,11,0.5,ml,11,144,0.1274,0.17,ci,ci39657912,2020-10-09T14:49:00.173Z,"16km N of Borrego Springs, CA",earthquake,0.47,1.27,0.117,11,automatic,ci,ci
2020-10-09T14:37:30.830Z,36.0238333,-117.7691667,1.98,0.23,ml,9,103,0.003452,0.06,ci,ci39657896,2020-10-09T16:21:51.827Z,"16km NE of Little Lake, CA",earthquake,0.19,0.2,0.229,3,reviewed,ci,ci
2020-10-09T14:32:16.430Z,38.2333,-117.7333,10.7,1,ml,11,167.42,0.023,0.23,nn,nn00777939,2020-10-09T15:43:34.184Z,"37 km ESE of Mina, Nevada",earthquake,,13.4,,,automatic,nn,nn
2020-10-09T14:27:31.860Z,38.7841682,-122.734169,2.45,0.65,md,6,84,0.002203,0.01,nc,nc73468726,2020-10-09T14:42:07.115Z,"2km ENE of The Geysers, CA",earthquake,1.45,4.59,0.07,2,automatic,nc,nc
2020-10-09T14:18:57.850Z,35.872,-117.6688333,4.2,0.57,ml,9,94,0.07721,0.15,ci,ci39657872,2020-10-09T14:22:37.084Z,"23km ESE of Little Lake, CA",earthquake,0.37,1.04,0.074,7,automatic,ci,ci
2020-10-09T14:16:03.150Z,33.588,-116.8103333,5.9,0.33,ml,10,117,0.03901,0.16,ci,ci39657856,2020-10-09T14:19:32.205Z,"13km WNW of Anza, CA",earthquake,1.07,1.14,0.114,4,automatic,ci,ci
2020-10-09T14:10:01.470Z,36.0233333,-117.772,1.1,0.84,ml,11,105,0.005776,0.14,ci,ci39657848,2020-10-09T14:13:34.835Z,"16km NE of Little Lake, CA",earthquake,0.24,0.28,0.195,10,automatic,ci,ci
2020-10-09T14:07:03.370Z,17.9451,-66.9205,6,2.46,md,16,214,0.051,0.22,pr,pr2020283009,2020-10-09T14:25:20.738Z,"3 km SSW of Guánica, Puerto Rico",earthquake,0.65,0.36,0.22,10,reviewed,pr,pr
2020-10-09T14:06:25.947Z,63.2381,-147.1398,6.6,2.7,ml,,,,0.91,ak,ak020d09gmgv,2020-10-09T14:11:07.616Z,"78 km WNW of Paxson, Alaska",earthquake,,0.4,,,automatic,ak,ak
2020-10-09T14:05:43.600Z,44.3265,-115.1803333,3.06,2.31,ml,7,102,0.282,0.2,mb,mb80467574,2020-10-09T14:19:30.730Z,"22 km WNW of Stanley, Idaho",earthquake,0.52,2.61,0.196,10,reviewed,mb,mb
2020-10-09T14:01:28.786Z,61.5749,-149.8613,32.5,1.6,ml,,,,1.08,ak,ak020d09fk5q,2020-10-09T14:04:46.719Z,"Southern Alaska",earthquake,,0.2,,,automatic,ak,ak
2020-10-09T13:38:36.800Z,19.4136657714844,-155.655838012695,0.230000004172325,1.84000003,md,13,140,,0.239999995,hv,hv72173006,2020-10-09T13:41:53.100Z,"22 km ESE of Honaunau-Napoopoo, Hawaii",earthquake,0.71,1.63,0.670000017,7,automatic,hv,hv
2020-10-09T13:34:45.050Z,38.04,-118.7371667,0.7,1.94,md,28,89,0.2794,0.05,nc,nc73468711,2020-10-09T17:12:02.695Z,"31km SE of Bodie, CA",earthquake,0.31,31.61,0.154,25,reviewed,nc,nc
2020-10-09T13:26:04.500Z,37.6555,-118.8583333,3.12,0.17,md,12,88,0.03084,0.03,nc,nc73468701,2020-10-09T17:00:07.061Z,"11km E of Mammoth Lakes, CA",earthquake,0.31,31.61,0.21,9,reviewed,nc,nc
2020-10-09T13:23:40.560Z,37.6568333,-118.8596667,3.65,-0.15,md,11,90,0.03201,0.03,nc,nc73468696,2020-10-09T15:46:59.040Z,"11km ENE of Mammoth Lakes, CA",earthquake,0.32,31.61,0.213,10,reviewed,nc,nc
2020-10-09T13:16:38.230Z,38.7324982,-122.9499969,5.25,1.17,md,18,231,0.06262,0.03,nc,nc73468691,2020-10-09T14:12:05.930Z,"10km SE of Cloverdale, CA",earthquake,1.56,1.29,0.01,5,automatic,nc,nc
2020-10-09T13:16:31.690Z,66.2287,-157.2425,0,1.9,ml,,,,0.66,ak,ak020d08xcij,2020-10-09T13:21:32.321Z,"70 km NNW of Huslia, Alaska",earthquake,,0.5,,,automatic,ak,ak
2020-10-09T13:00:59.390Z,38.1515,-117.936,14.4,1.6,ml,17,48.81,0.018,0.08,nn,nn00777933,2020-10-09T13:35:36.753Z,"30 km SSE of Mina, Nevada",earthquake,,0.5,,,automatic,nn,nn
2020-10-09T12:59:39.430Z,35.8263333,-117.6441667,6.71,1.18,ml,17,88,0.03936,0.18,ci,ci39657824,2020-10-09T13:03:22.124Z,"23km WNW of Searles Valley, CA",earthquake,0.29,0.63,0.153,17,automatic,ci,ci
2020-10-09T12:56:32.786Z,66.2461,-157.2994,0,3.3,ml,,,,0.66,ak,ak020d08khmf,2020-10-09T13:04:10.418Z,"71 km S of Shungnak, Alaska",earthquake,,0.7,,,automatic,ak,ak
2020-10-09T12:52:14.823Z,61.7458,-149.4647,13.1,1.6,ml,,,,0.56,ak,ak020d08jle2,2020-10-09T12:56:09.250Z,"12 km W of Fishhook, Alaska",earthquake,,0.4,,,automatic,ak,ak
2020-10-09T12:49:19.775Z,60.0328,-153.0106,112.7,2.3,ml,,,,0.44,ak,ak020d08iylp,2020-10-09T12:54:28.949Z,"67 km ENE of Pedro Bay, Alaska",earthquake,,0.4,,,automatic,ak,ak
2020-10-09T12:47:40.483Z,61.4876,-150.0628,38.9,1.3,ml,,,,0.51,ak,ak020d08iksg,2020-10-09T12:51:08.331Z,"6 km WSW of Big Lake, Alaska",earthquake,,1.3,,,automatic,ak,ak
2020-10-09T12:44:41.830Z,38.8103333,-122.8243332,2.05,0.86,md,14,61,0.004058,0.02,nc,nc73468681,2020-10-09T13:20:05.624Z,"7km WNW of The Geysers, CA",earthquake,0.25,0.43,0.04,4,automatic,nc,nc
2020-10-09T12:31:19.446Z,62.166,-147.816,19,0.9,ml,,,,0.59,ak,ak020d08f3iq,2020-10-09T15:36:06.135Z,"40 km NNW of Glacier View, Alaska",earthquake,,2.2,,,reviewed,ak,ak
2020-10-09T12:09:14.685Z,61.7906,-153.9212,8.3,1.5,ml,,,,0.96,ak,ak020d08adl5,2020-10-09T12:13:54.504Z,"93 km ENE of Lime Village, Alaska",earthquake,,0.7,,,automatic,ak,ak
2020-10-09T12:01:05.770Z,33.9821667,-117.2365,10.85,1.24,ml,33,84,0.06331,0.19,ci,ci39657792,2020-10-09T13:00:36.090Z,"6km N of Moreno Valley, CA",earthquake,0.29,0.5,0.273,27,reviewed,ci,ci
2020-10-09T11:57:19.910Z,44.4556667,-115.1938333,5.91,2.16,ml,10,78,0.385,0.27,mb,mb80467559,2020-10-09T13:59:45.810Z,"33 km NW of Stanley, Idaho",earthquake,0.67,1.6,0.208,8,reviewed,mb,mb
2020-10-09T11:54:55.240Z,38.1887,-117.812,8,1.2,ml,12,63.52,0.047,0.2,nn,nn00777930,2020-10-09T12:48:55.689Z,"34 km SE of Mina, Nevada",earthquake,,2.2,,,automatic,nn,nn
2020-10-09T11:54:05.670Z,36.0875,-117.9013333,3.07,0.81,ml,7,211,0.04814,0.13,ci,ci39657784,2020-10-09T12:59:59.238Z,"6km NE of Coso Junction, CA",earthquake,0.6,0.94,0.066,6,reviewed,ci,ci
2020-10-09T11:49:33.760Z,38.8113327,-122.8231659,2.05,1.33,md,26,59,0.005303,0.03,nc,nc73468671,2020-10-09T12:30:06.364Z,"7km WNW of The Geysers, CA",earthquake,0.2,0.35,0.13,5,automatic,nc,nc
2020-10-09T11:46:32.450Z,17.652,-64.3165,71,3.5,md,10,188,1.6087,0.43,pr,pr2020283008,2020-10-09T14:24:22.987Z,"46 km E of Saint Croix, U.S. Virgin Islands",earthquake,8.5,7.06,0.05,5,reviewed,pr,pr
2020-10-09T11:40:16.697Z,38.1735,-117.9471,6.4,2.5,ml,26,44.94,0.036,0.1214,nn,nn00777926,2020-10-09T16:03:26.515Z,"27 km SSE of Mina, Nevada",earthquake,,0.8,0.24,14,reviewed,nn,nn
2020-10-09T11:38:02.360Z,19.4810009002686,-155.586837768555,-1.5900000333786,1.9,ml,29,79,,0.219999999,hv,hv72172901,2020-10-09T11:43:33.760Z,"29 km E of Honaunau-Napoopoo, Hawaii",earthquake,0.5,0.25,0.21,3,automatic,hv,hv
2020-10-09T11:34:31.880Z,33.0648333,-115.59,5.98,1.26,ml,13,62,0.02736,0.24,ci,ci39657776,2020-10-09T11:38:10.538Z,"4km NE of Westmorland, CA",earthquake,0.52,0.49,0.213,14,automatic,ci,ci
2020-10-09T11:20:04.636Z,56.8034,-148.3853,27.3,3.5,ml,,,,0.79,ak,ak020d07ra33,2020-10-09T11:24:29.519Z,"252 km ESE of Chiniak, Alaska",earthquake,,5.4,,,automatic,ak,ak
2020-10-09T11:13:39.420Z,38.1765,-117.815,9.2,1.4,ml,19,57.8,0.036,0.11,nn,nn00777922,2020-10-09T11:41:16.562Z,"34 km SE of Mina, Nevada",earthquake,,0.9,,,automatic,nn,nn
2020-10-09T10:52:18.441Z,59.9094,-153.8663,178.2,2.2,ml,,,,0.72,ak,ak020d07cqto,2020-10-09T10:57:16.766Z,"19 km NE of Pedro Bay, Alaska",earthquake,,0.7,,,automatic,ak,ak
2020-10-09T10:29:20.720Z,35.7233333,-117.5275,12.35,0.86,ml,9,173,0.1084,0.11,ci,ci39657768,2020-10-09T13:00:14.240Z,"12km WSW of Searles Valley, CA",earthquake,0.53,0.75,0.192,10,reviewed,ci,ci
2020-10-09T10:14:38.390Z,36.2225,-89.4378333,7.74,1.26,md,14,55,0.01605,0.06,nm,nm60311797,2020-10-09T13:01:36.170Z,"6 km SE of Ridgely, Tennessee",earthquake,0.39,0.64,0.053,10,reviewed,nm,nm
2020-10-09T10:14:28.100Z,19.3400001525879,-155.137161254883,6.23999977111816,2.05,ml,12,128,,0.0700000003,hv,hv72172811,2020-10-09T10:19:58.520Z,"13 km S of Fern Forest, Hawaii",earthquake,0.67,1.70000005,0.24,4,automatic,hv,hv
2020-10-09T10:12:04.040Z,38.8333321,-122.809166,2.41,0.56,md,12,72,0.009948,0.01,nc,nc73468656,2020-10-09T11:14:05.887Z,"8km W of Cobb, CA",earthquake,0.33,1.08,,1,automatic,nc,nc
2020-10-09T10:10:24.050Z,38.3887,-118.002,18.7,1.1,ml,8,213.26,0.22,0.14,nn,nn00777921,2020-10-09T11:14:52.740Z,"9 km E of Mina, Nevada",earthquake,,10,,,automatic,nn,nn
2020-10-09T10:07:38.610Z,59.9882,-152.8903,107.1,2.2,ml,,,,0.74,ak,ak020d0734sq,2020-10-09T10:13:22.243Z,"63 km WNW of Anchor Point, Alaska",earthquake,,0.4,,,automatic,ak,ak
2020-10-09T09:54:39.210Z,63.0762,-151.5686,0,1.6,ml,,,,0.64,ak,ak020d06rs02,2020-10-09T10:00:00.697Z,"52 km S of Denali National Park, Alaska",earthquake,,0.5,,,automatic,ak,ak
2020-10-09T09:54:22.309Z,36.483,-98.727,8.52,0.91,ml,24,132,0.01349735136,0.1,ok,ok2020tvzm,2020-10-09T16:54:15.711Z,"17 km SE of Waynoka, Oklahoma",earthquake,,0.3,0.26,4,reviewed,ok,ok
2020-10-09T09:44:46.640Z,33.0211667,-115.5893333,3.87,1.31,ml,17,50,0.01815,0.22,ci,ci39657760,2020-10-09T09:48:24.186Z,"4km ESE of Westmorland, CA",earthquake,0.44,0.43,0.208,21,automatic,ci,ci
2020-10-09T09:44:11.100Z,46.0958333,-111.664,4.52,2.02,ml,29,106,0.321,0.19,mb,mb80467554,2020-10-09T13:29:46.600Z,"Western Montana",earthquake,0.39,1.24,0.1,11,reviewed,mb,mb
2020-10-09T09:35:54.120Z,44.372,-115.131,3.26,2.03,ml,9,67,0.34,0.39,mb,mb80467549,2020-10-09T13:35:32.360Z,"23 km NW of Stanley, Idaho",earthquake,1.13,4.42,0.221,7,reviewed,mb,mb
2020-10-09T09:33:52.230Z,33.996,-116.9848333,18.03,1.67,ml,64,51,0.06455,0.21,ci,ci39657744,2020-10-09T09:50:24.302Z,"6km E of Calimesa, CA",earthquake,0.23,0.47,0.172,26,automatic,ci,ci
2020-10-09T09:31:30.063Z,64.5186,-153.4194,1.4,2,ml,,,,0.42,ak,ak020d06mtpp,2020-10-09T09:36:08.041Z,"88 km NW of Lake Minchumina, Alaska",earthquake,,0.3,,,automatic,ak,ak
2020-10-09T09:19:29.200Z,17.9508,-67.0191,5,2.5,md,8,224,0.0313,0.07,pr,pr2020283007,2020-10-09T09:34:03.397Z,"3 km SE of La Parguera, Puerto Rico",earthquake,0.37,0.46,0.26,4,reviewed,pr,pr
2020-10-09T09:06:29.708Z,62.7257,-150.6322,83.3,1.9,ml,,,,0.61,ak,ak020d06hgsl,2020-10-09T09:12:05.469Z,"26 km NNE of Petersville, Alaska",earthquake,,0.7,,,automatic,ak,ak
2020-10-09T09:01:48.720Z,38.1792,-117.8053,9.4,1.4,ml,20,57.43,0.048,0.09,nn,nn00777917,2020-10-09T10:11:55.152Z,"35 km SE of Mina, Nevada",earthquake,,1,,,automatic,nn,nn
2020-10-09T08:59:34.680Z,38.189,-117.8965,7.9,0.3,ml,9,122.09,0.031,0.02,nn,nn00777916,2020-10-09T09:03:13.054Z,"29 km SE of Mina, Nevada",earthquake,,7.3,,,automatic,nn,nn
2020-10-09T08:55:50.734Z,-27.8873,-66.3767,152.19,5,mb,,79,2.662,0.95,us,us6000c701,2020-10-09T09:12:12.040Z,"34 km S of Andalgalá, Argentina",earthquake,9.5,7.5,0.087,42,reviewed,us,us
2020-10-09T08:47:14.340Z,39.3596649,-123.2596664,3.61,1.31,md,7,166,0.07302,0.03,nc,nc73468646,2020-10-09T10:28:04.564Z,"10km SE of Willits, CA",earthquake,1.23,6.15,0.17,5,automatic,nc,nc
2020-10-09T08:43:26.730Z,38.7696648,-122.7354965,1.23,0.65,md,8,70,0.01158,0.02,nc,nc73468636,2020-10-09T09:37:05.206Z,"2km ESE of The Geysers, CA",earthquake,0.87,1.46,0.07,2,automatic,nc,nc
2020-10-09T08:42:19.570Z,38.7731667,-122.7375031,0.12,0.77,md,11,69,0.01007,0.1,nc,nc73468631,2020-10-09T09:12:06.033Z,"2km ESE of The Geysers, CA",earthquake,0.45,0.96,0.12,3,automatic,nc,nc
2020-10-09T08:31:56.160Z,38.1757,-117.904,5.3,1.5,ml,21,108.11,0.039,0.12,nn,nn00777914,2020-10-09T09:01:35.529Z,"29 km SE of Mina, Nevada",earthquake,,0.4,,,automatic,nn,nn
2020-10-09T08:29:11.740Z,38.1657,-117.832,11.6,1.1,ml,13,79.95,0.023,0.11,nn,nn00777912,2020-10-09T08:33:14.608Z,"34 km SE of Mina, Nevada",earthquake,,0.7,,,automatic,nn,nn
2020-10-09T08:26:01.100Z,35.848,-117.682,8.12,1.01,ml,15,79,0.07583,0.07,ci,ci39657736,2020-10-09T13:00:59.246Z,"22km ESE of Little Lake, CA",earthquake,0.17,0.49,0.178,14,reviewed,ci,ci
2020-10-09T08:20:07.690Z,35.7036667,-117.5056667,6.24,0.73,ml,12,143,0.1222,0.13,ci,ci39657728,2020-10-09T13:13:18.311Z,"12km SW of Searles Valley, CA",earthquake,0.5,1.56,0.133,8,reviewed,ci,ci
2020-10-09T08:05:25.990Z,44.2805,-115.1686667,9.89,1.94,ml,7,88,0.256,0.17,mb,mb80467544,2020-10-09T13:40:36.960Z,"19 km WNW of Stanley, Idaho",earthquake,0.58,1.49,0.136,8,reviewed,mb,mb
2020-10-09T08:01:14.090Z,44.2738333,-115.1841667,11.85,2.18,ml,10,68,0.243,0.23,mb,mb80467534,2020-10-09T13:46:22.210Z,"20 km WNW of Stanley, Idaho",earthquake,0.64,1.16,0.155,8,reviewed,mb,mb
2020-10-09T08:00:24.750Z,34.0335,-116.8653333,19.57,0.6,ml,17,85,0.04782,0.17,ci,ci39657720,2020-10-09T08:04:01.460Z,"12km N of Banning, CA",earthquake,0.45,0.87,0.146,13,automatic,ci,ci
2020-10-09T07:55:49.590Z,17.9333,-66.911,7,2.72,md,22,199,0.0525,0.25,pr,pr2020283006,2020-10-09T09:36:52.933Z,"4 km S of Guánica, Puerto Rico",earthquake,0.59,0.31,0.27,7,reviewed,pr,pr
2020-10-09T07:52:53.990Z,36.4806667,-81.0958333,0.09,-0.61,md,4,142,0.002226,0.03,se,se60311792,2020-10-09T12:36:45.570Z,"3 km SE of Sparta, North Carolina",earthquake,0.25,1.64,0.065,4,reviewed,se,se
2020-10-09T07:50:46.420Z,37.87,-118.1058,4.1,0.5,ml,11,189.5,0.035,0.23,nn,nn00777910,2020-10-09T08:30:13.625Z,"22 km N of Dyer, Nevada",earthquake,,9.5,,,automatic,nn,nn
2020-10-09T07:50:44.966Z,61.0533,-150.8326,21.6,1.5,ml,,,,0.27,ak,ak020d05k298,2020-10-09T07:54:07.595Z,"16 km NNW of Point Possession, Alaska",earthquake,,0.8,,,automatic,ak,ak
2020-10-09T07:43:29.760Z,38.1673,-117.9935,0.8,1,ml,13,94.13,0.028,0.11,nn,nn00777906,2020-10-09T07:52:13.729Z,"26 km SSE of Mina, Nevada",earthquake,,4.1,,,automatic,nn,nn
2020-10-09T07:41:39.030Z,17.9405,-66.9655,12,2.19,md,14,223,0.0839,0.1,pr,pr2020283005,2020-10-09T08:06:16.482Z,"7 km WSW of Guánica, Puerto Rico",earthquake,0.52,0.34,0.14,6,reviewed,pr,pr
2020-10-09T07:37:08.152Z,38.174,-117.915,5.5,2.3,ml,28,54.09,0.037,0.1203,nn,nn00777903,2020-10-09T16:28:30.374Z,"29 km SE of Mina, Nevada",earthquake,,0.7,0.38,15,reviewed,nn,nn
2020-10-09T07:29:06.310Z,38.2058,-117.875,7.7,0.9,ml,10,108.42,0.009,0.09,nn,nn00777901,2020-10-09T07:37:53.636Z,"28 km SE of Mina, Nevada",earthquake,,2.7,,,automatic,nn,nn
2020-10-09T07:26:16.480Z,38.1458,-118.0417,2,0.6,ml,13,148.33,0.025,0.08,nn,nn00777898,2020-10-09T07:30:13.480Z,"27 km SSE of Mina, Nevada",earthquake,,10.5,,,automatic,nn,nn
2020-10-09T07:25:31.590Z,35.9205,-117.697,3.41,0.53,ml,10,80,0.04668,0.12,ci,ci39657712,2020-10-09T07:29:03.801Z,"19km E of Little Lake, CA",earthquake,0.32,1.12,0.149,6,automatic,ci,ci
2020-10-09T07:23:28.750Z,17.931,-66.9198,7,2.69,md,22,210,0.0599,0.15,pr,pr2020283004,2020-10-09T07:51:25.313Z,"4 km SSW of Guánica, Puerto Rico",earthquake,0.61,0.3,0.23,9,reviewed,pr,pr
2020-10-09T07:23:26.580Z,39.8279991,-123.3891678,3.05,2.35,md,15,80,0.07357,0.07,nc,nc73468626,2020-10-09T08:09:06.631Z,"13km WNW of Covelo, CA",earthquake,0.23,0.77,0.1,14,automatic,nc,nc
2020-10-09T07:16:17.300Z,17.9245,-66.908,7,2.73,md,20,214,0.0582,0.25,pr,pr2020283003,2020-10-09T07:45:07.810Z,"5 km S of Guánica, Puerto Rico",earthquake,0.63,0.34,0.18,5,reviewed,pr,pr
2020-10-09T07:10:27.170Z,35.0856667,-118.723,10.36,1.89,ml,33,40,0.06074,0.21,ci,ci39657696,2020-10-09T13:14:03.480Z,"17km SE of Arvin, CA",earthquake,0.3,0.69,0.141,27,reviewed,ci,ci
2020-10-09T07:06:18.970Z,35.7593333,-117.5526667,6.94,0.71,ml,10,147,0.06706,0.16,ci,ci39657688,2020-10-09T13:14:08.327Z,"14km W of Searles Valley, CA",earthquake,0.66,0.86,0.165,8,reviewed,ci,ci
2020-10-09T07:06:09.860Z,19.1628341674805,-155.489166259766,28.9599990844727,1.79999995,md,39,117,,0.129999995,hv,hv72172686,2020-10-09T07:09:28.760Z,"4 km SSW of Pāhala, Hawaii",earthquake,0.57,1.03999996,1.79999995,4,automatic,hv,hv
2020-10-09T07:04:48.520Z,17.937,-66.9166,7,2.88,md,21,205,0.0534,0.13,pr,pr2020283002,2020-10-09T07:25:40.696Z,"3 km SSW of Guánica, Puerto Rico",earthquake,0.53,0.27,0.3,15,reviewed,pr,pr
2020-10-09T07:04:37.130Z,38.1538,-117.9567,12.2,1.8,ml,20,75.88,0.025,0.14,nn,nn00777895,2020-10-09T07:27:36.551Z,"29 km SSE of Mina, Nevada",earthquake,,0.5,,,automatic,nn,nn
2020-10-09T07:03:46.780Z,38.8115005,-122.8148346,3.11,1.03,md,24,53,0.01151,0.02,nc,nc73468616,2020-10-09T07:28:04.390Z,"6km NW of The Geysers, CA",earthquake,0.22,0.48,0.18,4,automatic,nc,nc
2020-10-09T07:02:35.040Z,38.8131676,-122.8150024,2.92,0.65,md,19,88,0.01091,0.01,nc,nc73468611,2020-10-09T07:17:05.333Z,"6km NW of The Geysers, CA",earthquake,0.27,0.77,0.1,2,automatic,nc,nc
2020-10-09T07:00:12.860Z,36.9830017,-121.6431656,3.55,2.26,md,45,38,0.05413,0.1,nc,nc73468601,2020-10-09T15:27:21.452Z,"7km WSW of Gilroy, CA",earthquake,0.18,0.41,0.2,44,automatic,nc,nc
2020-10-09T06:59:59.710Z,34.2686667,-118.4813333,11.25,2.53,ml,81,32,0.01337,0.24,ci,ci39657680,2020-10-09T16:27:28.892Z,"2km E of Granada Hills, CA",earthquake,0.22,0.42,0.237,25,automatic,ci,ci
2020-10-09T06:47:53.150Z,33.5106667,-116.4546667,5.64,0.72,ml,24,101,0.1006,0.2,ci,ci39657672,2020-10-09T06:51:28.028Z,"21km ESE of Anza, CA",earthquake,0.31,1.33,0.136,16,automatic,ci,ci
2020-10-09T06:45:29.270Z,44.5088333,-115.2391667,8.43,2.18,ml,11,82,0.421,0.16,mb,mb80467519,2020-10-09T14:05:27.740Z,"40 km NW of Stanley, Idaho",earthquake,0.44,0.85,0.272,10,reviewed,mb,mb
2020-10-09T06:39:22.610Z,38.8213348,-122.7805023,1.75,0.74,md,18,44,0.008065,0.02,nc,nc73468596,2020-10-09T07:09:07.281Z,"5km W of Cobb, CA",earthquake,0.22,0.4,0.17,4,automatic,nc,nc
2020-10-09T06:32:26.360Z,38.1708,-117.916,10.9,0.4,ml,12,116.61,0.031,0.04,nn,nn00777893,2020-10-09T07:05:33.204Z,"29 km SE of Mina, Nevada",earthquake,,1.2,,,automatic,nn,nn
2020-10-09T06:30:32.280Z,34.4443333,-119.3186667,5.69,0.98,ml,12,153,0.05004,0.22,ci,ci39657664,2020-10-09T06:34:05.905Z,"7km W of Ojai, CA",earthquake,0.61,0.82,0.126,9,automatic,ci,ci
2020-10-09T06:27:50.655Z,14.921,-91.8755,112.15,4.5,mb,,137,0.431,0.62,us,us6000c6z8,2020-10-09T06:51:10.040Z,"4 km ESE of San Rafael Pie de la Cuesta, Guatemala",earthquake,8.7,5.3,0.095,32,reviewed,us,us
2020-10-09T06:25:51.829Z,35.66283333,-97.39533333,6.04,1.3,ml,63,52,0.1286747496,0.14,ok,ok2020tvsp,2020-10-09T16:49:55.861Z,"6 km W of Arcadia, Oklahoma",earthquake,,0.3,0.15,4,reviewed,ok,ok
2020-10-09T06:20:35.923Z,63.205,-151.4296,2.6,1.5,ml,,,,0.63,ak,ak020d04s6h4,2020-10-09T06:23:58.264Z,"40 km SSE of Denali National Park, Alaska",earthquake,,0.3,,,automatic,ak,ak
2020-10-09T06:11:47.520Z,34.2051667,-117.627,9.24,1.08,ml,26,66,0.04255,0.16,ci,ci39657656,2020-10-09T13:15:53.200Z,"10km NNW of Rancho Cucamonga, CA",earthquake,0.26,0.49,0.18,25,reviewed,ci,ci
2020-10-09T06:02:31.930Z,38.2838333,-112.64,2.74,1.37,md,12,76,0.007029,0.13,uu,uu60413587,2020-10-09T15:16:54.280Z,"0 km N of Beaver, Utah",earthquake,0.43,0.49,0.211,8,reviewed,uu,uu
2020-10-09T06:02:14.870Z,34.0103333,-116.3233333,8.94,0.98,ml,24,40,0.08074,0.17,ci,ci39657648,2020-10-09T13:21:59.510Z,"14km S of Joshua Tree, CA",earthquake,0.26,0.64,0.155,25,reviewed,ci,ci
2020-10-09T06:01:59.651Z,-33.3141,-70.8527,79.33,4.2,mb,,52,0.123,0.78,us,us6000c6z1,2020-10-09T15:43:19.817Z,"3 km SE of Lampa, Chile",earthquake,5.6,7.9,0.263,4,reviewed,us,us
2020-10-09T05:57:41.428Z,2.1021,97.7007,60.1,4.5,mb,,91,0.802,0.99,us,us6000c6z4,2020-10-09T06:19:41.040Z,"22 km SSW of Singkil, Indonesia",earthquake,7,8.6,0.156,12,reviewed,us,us
2020-10-09T05:54:24.960Z,35.6436667,-117.5678333,6.77,0.49,ml,9,150,0.1033,0.11,ci,ci39657640,2020-10-09T05:57:59.465Z,"10km ENE of Ridgecrest, CA",earthquake,0.45,1.31,0.169,6,automatic,ci,ci
2020-10-09T05:49:42.070Z,34.4006667,-117.6728333,4,1.78,ml,47,31,0.01912,0.23,ci,ci39657632,2020-10-09T07:07:42.739Z,"4km SSW of Pinon Hills, CA",earthquake,0.25,0.55,0.145,27,automatic,ci,ci
2020-10-09T05:45:14.171Z,63.0487,-151.4974,2.7,2.9,ml,,,,0.79,ak,ak020d04c23m,2020-10-09T05:52:30.040Z,"56 km SSE of Denali National Park, Alaska",earthquake,,0.3,,,automatic,ak,ak
2020-10-09T05:42:59.521Z,63.1986,-150.4269,118.2,1.6,ml,,,,0.53,ak,ak020d04blkg,2020-10-09T05:46:33.940Z,"75 km ESE of Denali National Park, Alaska",earthquake,,1,,,automatic,ak,ak
2020-10-09T05:38:45.450Z,34.4565,-117.9238333,9.74,0.96,ml,16,69,0.06484,0.14,ci,ci39657624,2020-10-09T05:42:32.585Z,"6km SSW of Pearblossom, CA",earthquake,0.28,0.58,0.189,23,automatic,ci,ci
2020-10-09T05:38:25.283Z,62.3703,-152.0202,10.9,1.3,ml,,,,0.51,ak,ak020d04akxs,2020-10-09T05:41:53.377Z,"53 km NW of Skwentna, Alaska",earthquake,,0.3,,,automatic,ak,ak
2020-10-09T05:33:08.270Z,38.6066667,-112.2133333,15.97,1.24,ml,11,103,0.1832,0.2,uu,uu60413582,2020-10-09T15:31:52.440Z,"2 km S of Joseph, Utah",earthquake,0.99,1.16,0.339,2,reviewed,uu,uu
2020-10-09T05:27:47.280Z,37.4403333,-118.7298333,-0.34,0.98,md,17,146,0.1587,0.07,nc,nc73468591,2020-10-09T16:11:04.714Z,"12km WNW of Round Valley, CA",earthquake,0.58,1.14,0.095,14,reviewed,nc,nc
2020-10-09T05:27:03.650Z,19.158332824707,-155.496826171875,30.0499992370605,2.25,md,30,164,,0.150000006,hv,hv72172566,2020-10-09T05:30:14.220Z,"Island of Hawaii, Hawaii",earthquake,0.68,1.30999994,0.0900000036,9,automatic,hv,hv
2020-10-09T05:26:22.740Z,19.1456661224365,-155.491165161133,30.9200000762939,1.89999998,md,40,165,,0.209999993,hv,hv72172556,2020-10-09T05:29:34.170Z,"6 km SSW of Pāhala, Hawaii",earthquake,0.74,1.24000001,1.35000002,7,automatic,hv,hv
2020-10-09T05:24:52.649Z,35.4905,-96.73766667,5.02,1.06,ml,49,48,0.1664673334,0.18,ok,ok2020tvqp,2020-10-09T16:29:51.172Z,"4 km W of Prague, Oklahoma",earthquake,,0.5,0.24,4,reviewed,ok,ok
2020-10-09T05:23:41.129Z,38.1761,-117.8829,7.9,2,ml,27,58.74,0.017,0.1144,nn,nn00777889,2020-10-09T16:50:13.494Z,"30 km SE of Mina, Nevada",earthquake,,0.6,0.33,14,reviewed,nn,nn
2020-10-09T05:21:52.650Z,61.0691,-148.2586,12.3,1.8,ml,,,,1.41,ak,ak020d046zvl,2020-10-09T06:33:49.622Z,"40 km NE of Whittier, Alaska",ice quake,,0.7,,,automatic,ak,ak
2020-10-09T05:21:07.860Z,38.1252,-118.0588,0.1,0.7,ml,13,164.85,0.046,0.26,nn,nn00777886,2020-10-09T05:24:33.246Z,"29 km S of Mina, Nevada",earthquake,,21.8,,,automatic,nn,nn
2020-10-09T05:17:09.160Z,33.173,-116.434,1.38,0.71,ml,17,135,0.09599,0.21,ci,ci39657616,2020-10-09T05:20:48.446Z,"11km SSW of Borrego Springs, CA",earthquake,0.46,0.62,0.205,14,automatic,ci,ci
2020-10-09T05:14:54.180Z,33.0445,-116.3836667,4.29,0.92,ml,23,106,0.1122,0.27,ci,ci39657608,2020-10-09T05:18:43.177Z,"21km E of Julian, CA",earthquake,0.51,1.69,0.197,19,automatic,ci,ci
2020-10-09T05:06:05.030Z,35.885,-117.6136667,7.02,0.44,ml,8,127,0.05152,0.08,ci,ci39657600,2020-10-09T13:22:02.716Z,"23km NW of Searles Valley, CA",earthquake,0.38,0.59,0.101,4,reviewed,ci,ci
2020-10-09T05:02:39.920Z,38.8243332,-122.805336,3.06,0.55,md,11,64,0.003818,0.01,nc,nc73468581,2020-10-09T06:08:06.833Z,"7km NW of The Geysers, CA",earthquake,0.45,1.3,,1,automatic,nc,nc
2020-10-09T05:00:53.716Z,-18.0278,-178.4405,633.37,4.3,mb,,114,3.351,0.68,us,us6000c6yk,2020-10-09T05:19:05.040Z,"237 km E of Levuka, Fiji",earthquake,13.6,5.5,0.081,43,reviewed,us,us
2020-10-09T04:56:51.510Z,36.6083336,-121.1169968,7.39,1.71,md,14,157,0.06609,0.14,nc,nc73468576,2020-10-09T05:43:04.679Z,"9km NNE of Pinnacles, CA",earthquake,0.68,1.19,0.24,10,automatic,nc,nc
2020-10-09T04:54:24.390Z,38.1788,-117.758,10.6,0.8,ml,10,203.57,0.03,0.23,nn,nn00777884,2020-10-09T05:22:12.633Z,"38 km SE of Mina, Nevada",earthquake,,20.6,,,automatic,nn,nn
2020-10-09T04:40:29.240Z,40.421,-121.5311667,4.76,0.11,md,7,133,0.04431,0.03,nc,nc73468571,2020-10-09T16:01:05.649Z,"8km NNE of Mineral, CA",earthquake,0.61,1.27,0.267,7,reviewed,nc,nc
2020-10-09T04:34:01.366Z,69.2252,-143.7802,25.9,2.6,ml,,,,0.68,ak,ak020d03o58o,2020-10-09T04:51:38.040Z,"101 km S of Kaktovik, Alaska",earthquake,,557.9,,,automatic,ak,ak
2020-10-09T04:14:03.614Z,17.8389,-62.4897,13.69,4.6,mb,,60,0.581,0.39,us,us6000c6ya,2020-10-09T15:32:36.010Z,"58 km NNE of Nicola Town, Saint Kitts and Nevis",earthquake,2,5.1,0.07,60,reviewed,us,us
2020-10-09T04:11:45.317Z,-20.7247,-69.1395,104.28,4.3,mb,,58,0.58,0.9,us,us6000c6y9,2020-10-09T15:05:32.654Z,"119 km ESE of Iquique, Chile",earthquake,5.3,2.9,0.168,10,reviewed,us,us
2020-10-09T04:05:34.690Z,38.138,-117.8208,10.3,1,ml,11,99.29,0.063,0.07,nn,nn00777881,2020-10-09T04:30:33.007Z,"37 km SE of Mina, Nevada",earthquake,,0.8,,,automatic,nn,nn
2020-10-09T04:05:11.388Z,69.3726,-143.8006,1.3,2.9,ml,,,,0.57,ak,ak020d03i1of,2020-10-09T04:43:16.040Z,"84 km S of Kaktovik, Alaska",earthquake,,39.8,,,automatic,ak,ak
2020-10-09T03:54:53.775Z,64.6292,-149.2432,11.4,1.2,ml,,,,0.62,ak,ak020d0377dg,2020-10-09T04:02:03.286Z,"6 km WNW of Four Mile Road, Alaska",earthquake,,0.4,,,automatic,ak,ak
2020-10-09T03:50:09.930Z,37.4805,-118.8076667,6.93,1.56,md,24,128,0.1107,0.05,nc,nc73468566,2020-10-09T16:43:37.392Z,"14km SW of Toms Place, CA",earthquake,0.35,1.43,0.177,22,reviewed,nc,nc
2020-10-09T03:40:00.216Z,31.704,-104.5678,5,3.1,ml,,68,0.067,0.33,us,us6000c6y3,2020-10-09T03:51:03.040Z,"55 km SSW of Whites City, New Mexico",earthquake,1.5,2,0.097,48,reviewed,us,us
2020-10-09T03:35:31.298Z,31.7094,-104.583,5,3,ml,,69,0.081,0.45,us,us6000c6xp,2020-10-09T03:44:00.040Z,"55 km SSW of Whites City, New Mexico",earthquake,2.1,2,0.081,70,reviewed,us,us
2020-10-09T03:32:39.570Z,17.9261,-66.9153,6,2.35,md,22,213,0.0609,0.17,pr,pr2020283001,2020-10-09T04:13:48.448Z,"5 km S of Guánica, Puerto Rico",earthquake,0.48,0.26,0.06,4,reviewed,pr,pr
2020-10-09T03:29:09.210Z,38.1523,-118.0263,1.3,1.2,ml,21,76.1,0.026,0.21,nn,nn00777873,2020-10-09T03:47:14.107Z,"27 km SSE of Mina, Nevada",earthquake,,7.7,,,automatic,nn,nn
2020-10-09T03:28:36.683Z,65.0139,-147.5841,19.1,0.9,ml,,,,0.2,ak,ak020d031lg8,2020-10-09T03:33:21.627Z,"6 km NNE of Fox, Alaska",earthquake,,0.2,,,automatic,ak,ak
2020-10-09T03:24:21.840Z,33.6425,-116.6986667,14.39,0.62,ml,34,50,0.03352,0.1,ci,ci39657576,2020-10-09T17:11:31.116Z,"10km NNW of Anza, CA",earthquake,0.18,0.23,0.151,11,reviewed,ci,ci
2020-10-09T03:17:58.890Z,34.1143333,-117.3201667,16.92,1.01,ml,39,46,0.02161,0.12,ci,ci39657568,2020-10-09T16:51:22.214Z,"3km SW of San Bernardino, CA",earthquake,0.17,0.32,0.137,20,reviewed,ci,ci
2020-10-09T03:08:05.760Z,44.373,-115.2108333,14.04,2.65,ml,11,76,0.307,0.26,mb,mb80467509,2020-10-09T13:53:01.220Z,"27 km NW of Stanley, Idaho",earthquake,0.63,1.48,0.184,12,reviewed,mb,mb
2020-10-09T03:06:13.120Z,33.593,-116.8085,6.76,0.45,ml,26,74,0.03707,0.11,ci,ci39657560,2020-10-09T16:43:20.740Z,"13km WNW of Anza, CA",earthquake,0.14,0.29,0.124,12,reviewed,ci,ci
2020-10-09T02:57:20.641Z,-6.0392,122.5974,11.25,5.2,mww,,44,2.604,0.82,us,us6000c6xe,2020-10-09T03:15:20.040Z,"122 km S of Katabu, Indonesia",earthquake,6.6,4.5,0.083,14,reviewed,us,us
2020-10-09T02:54:28.320Z,36.6073341,-121.2101669,6.11,1.48,md,8,156,0.04077,0.02,nc,nc73468546,2020-10-09T04:25:05.229Z,"10km NW of Pinnacles, CA",earthquake,0.62,0.81,0.19,5,automatic,nc,nc
2020-10-09T02:47:31.160Z,36.0493333,-117.7005,2.17,1.37,ml,23,66,0.05775,0.11,ci,ci39657552,2020-10-09T16:38:15.810Z,"22km E of Coso Junction, CA",earthquake,0.13,0.21,0.246,14,reviewed,ci,ci
2020-10-09T02:45:38.650Z,35.8615,-117.6605,6.49,0.67,ml,15,96,0.06859,0.08,ci,ci39657544,2020-10-09T16:33:09.895Z,"24km ESE of Little Lake, CA",earthquake,0.14,0.37,0.222,5,reviewed,ci,ci
2020-10-09T02:38:22.560Z,59.226,-153.6961,102.4,2.5,ml,,,,0.65,ak,ak020d02i9y2,2020-10-09T03:28:50.040Z,"58 km SE of Pope-Vannoy Landing, Alaska",earthquake,,0.5,,,automatic,ak,ak
2020-10-09T02:38:20.802Z,58.0852,-155.4327,0,2.1,ml,,,,0.59,ak,ak020d02i9qi,2020-10-09T06:33:49.502Z,"81 km NW of Karluk, Alaska",earthquake,,0.6,,,automatic,ak,ak
2020-10-09T02:38:09.570Z,35.6911667,-117.5178333,6.74,1.03,ml,12,158,0.1138,0.13,ci,ci39657536,2020-10-09T13:22:50.284Z,"13km SW of Searles Valley, CA",earthquake,0.41,0.87,0.111,13,reviewed,ci,ci
2020-10-09T02:34:40.960Z,33.012,-115.5796667,5.62,1.47,ml,27,53,0.02626,0.25,ci,ci39657528,2020-10-09T16:27:47.864Z,"5km SE of Westmorland, CA",earthquake,0.31,0.51,0.229,18,reviewed,ci,ci
2020-10-09T02:29:59.530Z,37.4311667,-113.0928333,6.8,1.14,md,8,87,0.0793,0.07,uu,uu60413577,2020-10-09T15:02:00.120Z,"14 km SE of Kanarraville, Utah",earthquake,0.45,0.86,0.332,4,reviewed,uu,uu
2020-10-09T02:15:18.880Z,33.1988333,-116.7276667,9.53,0.59,ml,32,48,0.0453,0.16,ci,ci39657520,2020-10-09T16:18:14.803Z,"6km SE of Lake Henshaw, CA",earthquake,0.2,0.5,0.154,9,reviewed,ci,ci
2020-10-09T02:09:13.736Z,58.7813,-153.715,15,1.2,ml,,,,0.68,ak,ak020d02c0z9,2020-10-09T06:25:38.504Z,"93 km NNW of Aleneva, Alaska",earthquake,,1.6,,,reviewed,ak,ak
2020-10-09T01:46:20.310Z,35.7333333,-117.5556667,10.5,0.62,ml,11,153,0.08899,0.11,ci,ci39657512,2020-10-09T13:23:08.267Z,"14km WSW of Searles Valley, CA",earthquake,0.43,0.84,0.165,6,reviewed,ci,ci
2020-10-09T01:39:59.484Z,65.5024,-149.2904,6.2,1.6,ml,,,,0.93,ak,ak020d01x4vb,2020-10-09T01:44:26.474Z,"34 km W of Livengood, Alaska",earthquake,,0.4,,,automatic,ak,ak
2020-10-09T01:34:21.620Z,38.8261681,-122.7641678,0.6,0.53,md,10,126,0.006213,0.03,nc,nc73468531,2020-10-09T01:49:05.281Z,"4km W of Cobb, CA",earthquake,0.3,0.56,0.1,3,automatic,nc,nc
2020-10-09T01:32:29.690Z,33.0093333,-115.58,5.72,1.25,ml,16,61,0.02889,0.29,ci,ci39657504,2020-10-09T01:50:52.562Z,"5km SE of Westmorland, CA",earthquake,0.46,0.66,0.196,7,reviewed,ci,ci
2020-10-09T01:24:19.410Z,33.0236667,-115.583,11.95,2.89,ml,55,48,0.01458,0.26,ci,ci39657488,2020-10-09T14:03:16.420Z,"4km ESE of Westmorland, CA",earthquake,0.2,0.39,0.184,76,reviewed,ci,ci
2020-10-09T01:23:23.383Z,64.5122,-149.3292,7.7,1.4,ml,,,,0.58,ak,ak020d01tmmq,2020-10-09T01:26:04.620Z,"12 km WSW of Nenana, Alaska",earthquake,,0.6,,,automatic,ak,ak
2020-10-09T01:21:24.710Z,17.994,-63.9913,35,4.5,md,18,348,1.8634,0.49,pr,pr2020283000,2020-10-09T12:51:22.911Z,"85 km ENE of Saint Croix, U.S. Virgin Islands",earthquake,8.42,32.229,0.15,10,reviewed,pr,pr
2020-10-09T01:18:39.140Z,36.1825,-97.26383333,7,1.56,ml,93,23,0,0.23,ok,ok2020tvil,2020-10-09T16:19:34.341Z,"10 km ENE of Orlando, Oklahoma",earthquake,,0.4,0.09,4,reviewed,ok,ok
2020-10-09T01:16:56.170Z,36.0388333,-117.3933333,3.52,0.45,ml,15,107,0.07986,0.14,ci,ci39657480,2020-10-09T01:45:54.251Z,"30km N of Searles Valley, CA",earthquake,0.27,0.71,0.159,5,reviewed,ci,ci
2020-10-09T01:16:45.240Z,37.6208333,-118.9308333,5.77,0.41,md,15,95,0.01511,0.13,nc,nc73468521,2020-10-09T16:09:07.703Z,"5km ESE of Mammoth Lakes, CA",earthquake,0.59,1.47,0.191,12,reviewed,nc,nc
2020-10-09T01:00:29.070Z,37.6363333,-118.926,5.5,1.14,md,21,58,0.02101,0.05,nc,nc73468516,2020-10-09T16:33:35.798Z,"5km E of Mammoth Lakes, CA",earthquake,0.23,0.5,0.222,17,reviewed,nc,nc
2020-10-09T00:59:44.590Z,19.1881675720215,-155.462005615234,31.5699996948242,1.70000005,md,26,206,,0.129999995,hv,hv72172311,2020-10-09T01:02:53.430Z,"2 km SE of Pāhala, Hawaii",earthquake,0.97,0.920000017,1.13,3,automatic,hv,hv
2020-10-09T00:57:11.490Z,19.174,-155.469666666667,31.86,1.71,md,30,204,,0.09,hv,hv72172306,2020-10-09T01:36:10.200Z,"3 km SSE of Pāhala, Hawaii",earthquake,0.64,0.89,0.039917108393019,15,reviewed,hv,hv
2020-10-09T00:53:56.430Z,35.9733333,-117.708,3.65,0.59,ml,17,56,0.05319,0.1,ci,ci39657472,2020-10-09T16:09:27.529Z,"18km ENE of Little Lake, CA",earthquake,0.17,0.45,0.109,5,reviewed,ci,ci
2020-10-09T00:24:44.780Z,36.5626678,-121.159668,7.05,2.5,md,33,64,0.02259,0.1,nc,nc73468511,2020-10-09T14:43:42.735Z,"4km NNW of Pinnacles, CA",earthquake,0.26,0.6,0.19,33,automatic,nc,nc
2020-10-09T00:17:36.930Z,36.5686684,-121.1591644,8.56,1.9,md,10,143,0.09677,0.09,nc,nc73468506,2020-10-09T02:53:03.671Z,"4km NNW of Pinnacles, CA",earthquake,0.43,1.18,0.27,11,automatic,nc,nc
2020-10-09T00:11:12.730Z,33.685,-116.7638333,16.81,0.5,ml,20,139,0.04895,0.09,ci,ci39657432,2020-10-09T16:02:54.873Z,"7km SW of Idyllwild, CA",earthquake,0.25,0.3,0.047,6,reviewed,ci,ci
2020-10-09T00:02:17.537Z,60.5476,-147.3984,19.6,2,ml,,,,0.76,ak,ak020d013ojk,2020-10-09T00:06:47.077Z,"52 km SW of Tatitlek, Alaska",earthquake,,0.2,,,automatic,ak,ak
2020-10-09T00:01:59.830Z,44.3651667,-115.1731667,7.01,2.64,ml,11,71,0.316,0.2,mb,mb80467499,2020-10-09T14:14:24.720Z,"24 km NW of Stanley, Idaho",earthquake,0.56,1.52,0.199,8,reviewed,mb,mb
2020-10-08T23:55:10.120Z,35.6796667,-116.6381667,2.82,1.76,ml,17,59,0.341,0.2,ci,ci39657416,2020-10-09T16:47:38.966Z,"42km WSW of Tecopa, CA",earthquake,0.32,1.1,0.111,30,reviewed,ci,ci
2020-10-08T23:49:33.550Z,35.9183333,-117.702,3.41,0.91,ml,15,79,0.05124,0.14,ci,ci39657408,2020-10-08T23:53:03.853Z,"18km E of Little Lake, CA",earthquake,0.29,1.13,0.143,14,automatic,ci,ci
2020-10-08T23:45:32.940Z,38.1672,-117.8608,8.7,1.1,ml,14,99.16,0.009,0.04,nn,nn00777864,2020-10-08T23:56:04.874Z,"32 km SE of Mina, Nevada",earthquake,,1,,,automatic,nn,nn
2020-10-08T23:40:45.260Z,37.4983333,-118.843,4.58,1.22,md,20,124,0.0922,0.06,nc,nc73468501,2020-10-09T17:06:05.098Z,"16km WSW of Toms Place, CA",earthquake,0.41,1.2,0.252,17,reviewed,nc,nc
2020-10-08T23:39:11.240Z,38.2047,-117.7222,11.3,1.6,ml,17,144,0.132,0.06,nn,nn00777861,2020-10-08T23:46:26.028Z,"39 km ESE of Mina, Nevada",earthquake,,1.5,,,automatic,nn,nn
2020-10-08T23:36:22.480Z,17.9223,-66.9063,6,2.96,md,22,204,0.0593,0.21,pr,pr2020282023,2020-10-09T00:09:30.040Z,"5 km S of Guánica, Puerto Rico",earthquake,0.56,0.35,0.31,13,reviewed,pr,pr
2020-10-08T23:36:09.270Z,37.4425,-117.1185,0.2,1.3,ml,8,160.44,0.153,0.09,nn,nn00777860,2020-10-08T23:40:22.558Z,"31 km SSE of Goldfield, Nevada",earthquake,,10.9,,,automatic,nn,nn
2020-10-08T23:26:28.860Z,17.9038,-66.9361,12,2.6,md,17,229,0.0912,0.25,pr,pr2020282022,2020-10-09T00:01:53.566Z,"8 km SSW of Guánica, Puerto Rico",earthquake,0.97,0.58,0.3,12,reviewed,pr,pr
2020-10-08T23:25:32.774Z,60.023,-151.5988,57.8,1.8,ml,,,,0.44,ak,ak020cyre9mt,2020-10-08T23:30:13.396Z,"4 km SE of Ninilchik, Alaska",earthquake,,1.4,,,automatic,ak,ak
2020-10-08T23:25:12.957Z,38.1723,-117.8676,6.7,2,ml,26,69.67,0.011,0.1322,nn,nn00777857,2020-10-09T02:24:48.082Z,"32 km SE of Mina, Nevada",earthquake,,0.6,0.27,14,reviewed,nn,nn
2020-10-08T23:14:35.759Z,-6.2472,146.2885,105.33,5.1,mb,,57,3.253,0.93,us,us6000c6w6,2020-10-09T08:25:33.104Z,"47 km E of Kainantu, Papua New Guinea",earthquake,9,7.1,0.068,69,reviewed,us,us
2020-10-08T23:14:33.560Z,19.154333114624,-155.467834472656,32.1599998474121,1.85000002,md,41,150,,0.129999995,hv,hv72172241,2020-10-08T23:17:50.520Z,"5 km SSE of Pāhala, Hawaii",earthquake,0.68,1.03999996,0.219999999,13,automatic,hv,hv
2020-10-08T23:08:18.520Z,19.0588340759277,-155.339172363281,32.060001373291,1.84000003,md,45,212,,0.109999999,hv,hv72172236,2020-10-08T23:11:36.880Z,"21 km SE of Pāhala, Hawaii",earthquake,0.63,1.25,0.159999996,9,automatic,hv,hv
2020-10-08T23:04:18.440Z,17.9366,-66.911,7,2.83,md,19,206,0.0499,0.13,pr,pr2020282024,2020-10-09T00:57:52.752Z,"3 km S of Guánica, Puerto Rico",earthquake,0.53,0.28,0.29,14,reviewed,pr,pr
2020-10-08T23:01:26.850Z,35.7218,-115.8627,14.1,1.6,ml,8,297.42,0.851,0.27,nn,nn00777855,2020-10-08T23:26:03.119Z,"23 km WSW of Sandy Valley, Nevada",earthquake,,2.5,,,automatic,nn,nn
2020-10-08T23:01:16.950Z,31.5168333,-115.6445,5.2,2.61,ml,7,127,0.1728,0.2,ci,ci39657320,2020-10-09T16:51:46.994Z,"90km ESE of Maneadero, B.C., MX",earthquake,0.37,31.61,0.15,38,reviewed,ci,ci
2020-10-08T22:57:12.220Z,38.7816658,-122.7253342,0.79,0.71,md,8,78,0.02005,0.02,nc,nc73468496,2020-10-08T22:58:50.949Z,"3km E of The Geysers, CA",earthquake,0.36,1.09,0.08,4,automatic,nc,nc
2020-10-08T22:54:14.060Z,37.659,-118.869,5.27,0.26,md,12,147,0.02647,0.09,nc,nc73468491,2020-10-09T15:44:05.515Z,"10km ENE of Mammoth Lakes, CA",earthquake,0.72,0.74,0.204,12,reviewed,nc,nc
2020-10-08T22:52:21.350Z,35.875,-117.689,6.56,0.33,ml,10,79,0.07921,0.15,ci,ci39657304,2020-10-09T16:54:57.950Z,"21km ESE of Little Lake, CA",earthquake,0.29,1.09,0.132,4,reviewed,ci,ci
2020-10-08T22:47:02.470Z,35.602,-117.5843333,8.51,0.24,ml,8,100,0.07432,0.16,ci,ci39657296,2020-10-09T17:09:15.105Z,"8km ESE of Ridgecrest, CA",earthquake,0.37,1.04,0.091,3,reviewed,ci,ci
2020-10-08T22:44:09.150Z,32.2016667,-115.021,16.62,2.76,ml,18,122,0.06167,0.33,ci,ci39657280,2020-10-09T14:30:48.600Z,"2km WNW of Estacion Coahuila, B.C., MX",earthquake,0.69,0.97,0.171,46,reviewed,ci,ci
2020-10-08T22:44:03.470Z,32.9828333,-115.5298333,5.57,1.2,ml,5,146,0.0705,0.21,ci,ci37457581,2020-10-09T14:36:28.074Z,"0km N of Brawley, CA",earthquake,0.92,1.83,0.087,3,reviewed,ci,ci
2020-10-08T22:21:03.100Z,33.9911667,-117.2381667,13.52,0.88,ml,23,86,0.06972,0.29,ci,ci39657224,2020-10-08T22:24:46.829Z,"7km SSE of Loma Linda, CA",earthquake,0.58,1.16,0.141,21,automatic,ci,ci
2020-10-08T22:18:43.600Z,38.7716675,-122.7350006,0.41,0.41,md,9,66,0.01163,0.04,nc,nc73468481,2020-10-08T22:39:06.896Z,"2km ESE of The Geysers, CA",earthquake,0.29,0.96,0.18,2,automatic,nc,nc
2020-10-08T22:18:11.240Z,17.8513,-66.8595,12,2.67,md,22,235,0.1254,0.14,pr,pr2020282020,2020-10-09T06:20:35.391Z,"14 km SSE of Guánica, Puerto Rico",earthquake,0.55,0.49,0.21,7,reviewed,pr,pr
2020-10-08T22:17:32.274Z,63.4246,-151.2276,3.5,1.4,ml,,,,0.24,ak,ak020cyqr48b,2020-10-08T22:20:21.539Z,"Central Alaska",earthquake,,0.3,,,automatic,ak,ak
2020-10-08T22:13:40.540Z,33.6153333,-116.7131667,16.03,0.74,ml,18,67,0.04768,0.14,ci,ci39657200,2020-10-08T23:51:20.731Z,"8km NNW of Anza, CA",earthquake,0.4,0.47,0.269,3,reviewed,ci,ci
2020-10-08T22:12:16.600Z,33.616,-116.7131667,16.22,0.44,ml,19,67,0.04798,0.12,ci,ci39657208,2020-10-09T17:04:17.172Z,"8km NNW of Anza, CA",earthquake,0.33,0.4,0.11,7,reviewed,ci,ci
2020-10-08T22:05:03.100Z,36.35466667,-97.36316667,4.9,1.82,ml,93,59,0.1007802235,0.23,ok,ok2020tvcb,2020-10-08T22:43:20.431Z,"9 km NW of Perry, Oklahoma",earthquake,,0.5,0.18,5,reviewed,ok,ok
2020-10-08T22:00:44.703Z,31.641,-103.9986,5,2.5,ml,,59,0.292,0.36,us,us6000c6vs,2020-10-08T22:14:47.040Z,"38 km W of Mentone, Texas",earthquake,1.2,1.7,0.053,56,reviewed,us,us
2020-10-08T21:59:55.950Z,33.5088333,-116.7505,12.57,0.67,ml,27,31,0.05748,0.2,ci,ci39657168,2020-10-08T22:03:38.682Z,"9km SW of Anza, CA",earthquake,0.36,0.76,0.116,22,automatic,ci,ci
2020-10-08T21:58:25.140Z,33.194,-115.6835,10.62,2.05,ml,8,204,0.05223,0.28,ci,ci39657160,2020-10-08T23:40:12.538Z,"16km WSW of Niland, CA",earthquake,1.1,1.13,0.091,3,reviewed,ci,ci
2020-10-08T21:58:23.950Z,32.9878333,-115.9133333,15.54,0.9,ml,16,91,0.08178,0.28,ci,ci37457573,2020-10-09T01:06:32.933Z,"27km SE of Ocotillo Wells, CA",earthquake,0.48,0.81,0.142,9,reviewed,ci,ci
2020-10-08T21:56:37.390Z,33.1526667,-115.6178333,5.12,1.46,ml,30,43,0.0248,0.19,ci,ci39657152,2020-10-09T00:35:32.130Z,"10km WNW of Calipatria, CA",earthquake,0.19,0.3,0.193,35,reviewed,ci,ci
2020-10-08T21:49:16.920Z,36.0456667,-117.4101667,0.33,1.07,ml,13,133,0.06506,0.2,ci,ci39657128,2020-10-08T21:52:50.015Z,"31km N of Searles Valley, CA",earthquake,0.49,0.7,0.145,13,automatic,ci,ci
2020-10-08T21:45:07.110Z,45.93,-111.4706667,-2,1.34,ml,7,160,0.285,0.12,mb,mb80467474,2020-10-08T23:08:38.340Z,"6 km NNW of Logan, Montana",quarry blast,0.73,31.61,0.431,3,reviewed,mb,mb
2020-10-08T21:44:35.280Z,33.599,-116.8061667,6.07,0.23,ml,13,142,0.03551,0.08,ci,ci39657104,2020-10-09T01:42:20.040Z,"13km WNW of Anza, CA",earthquake,0.3,0.39,0.198,3,reviewed,ci,ci
2020-10-08T21:40:36.480Z,33.5943333,-116.8108333,5.9,0.77,ml,36,53,0.03901,0.23,ci,ci39657096,2020-10-09T13:24:56.885Z,"13km WNW of Anza, CA",earthquake,0.35,0.64,0.09,23,reviewed,ci,ci
2020-10-08T21:35:41.480Z,33.703,-116.7978333,15.87,0.52,ml,16,169,0.07022,0.12,ci,ci39657088,2020-10-09T01:36:01.934Z,"8km WSW of Idyllwild, CA",earthquake,0.4,0.35,0.044,6,reviewed,ci,ci
2020-10-08T21:35:26.300Z,33.7135,-116.7881667,12.94,0.87,ml,23,82,0.06173,0.29,ci,ci39657080,2020-10-09T13:25:31.641Z,"7km WSW of Idyllwild, CA",earthquake,0.68,0.89,0.197,17,reviewed,ci,ci
2020-10-08T21:33:54.670Z,38.8396683,-122.8266678,1.34,0.57,md,14,72,0.006971,0.02,nc,nc73468476,2020-10-08T21:57:06.617Z,"9km WNW of Cobb, CA",earthquake,0.23,0.47,,1,automatic,nc,nc
2020-10-08T21:19:54.517Z,58.7154,-153.7427,11.1,1.9,ml,,,,0.91,ak,ak020cyq65rx,2020-10-08T21:24:36.331Z,"87 km NW of Aleneva, Alaska",earthquake,,0.2,,,automatic,ak,ak
2020-10-08T21:15:00.007Z,58.0233,-136.8914,14.1,2.3,ml,,,,0.9,ak,ak020cyq53lx,2020-10-08T21:41:18.040Z,"37 km WSW of Elfin Cove, Alaska",earthquake,,0.3,,,automatic,ak,ak
2020-10-08T21:14:03.638Z,61.4497,-150.0027,30.9,1.2,ml,,,,0.23,ak,ak020cyq4z9n,2020-10-08T21:17:55.008Z,"8 km SSW of Big Lake, Alaska",earthquake,,0.4,,,automatic,ak,ak
2020-10-08T21:11:43.698Z,69.2191,-143.571,0,2.1,ml,,,,0.89,ak,ak020cyq4f7t,2020-10-08T21:19:35.389Z,"101 km S of Kaktovik, Alaska",earthquake,,0.8,,,automatic,ak,ak
2020-10-08T21:10:24.300Z,35.6631667,-117.5021667,10.42,1.16,ml,15,139,0.08314,0.19,ci,ci39657056,2020-10-09T13:25:57.644Z,"15km SW of Searles Valley, CA",earthquake,0.52,1.09,0.207,14,reviewed,ci,ci
2020-10-08T21:08:05.600Z,40.1134987,-123.7528305,22.27,1.64,md,6,145,0.09483,0.06,nc,nc73468471,2020-10-08T21:46:04.541Z,"6km E of Redway, CA",earthquake,1.38,0.7,0.44,3,automatic,nc,nc
2020-10-08T21:06:21.410Z,19.7933,-64.6588,16,3.77,md,14,316,2.0354,0.45,pr,pr2020282019,2020-10-08T21:59:16.040Z,"162 km N of Cruz Bay, U.S. Virgin Islands",earthquake,13.08,25.78,0.14,9,reviewed,pr,pr
2020-10-08T21:00:42.960Z,33.594,-116.8063333,5.7,0.34,ml,17,66,0.03525,0.21,ci,ci39657032,2020-10-08T21:04:29.170Z,"13km WNW of Anza, CA",earthquake,0.62,0.98,0.145,7,automatic,ci,ci
2020-10-08T20:54:48.372Z,61.2192,-140.1964,4.2,1.8,ml,,,,0.9,ak,ak020cyps7r3,2020-10-08T20:59:03.019Z,"147 km E of McCarthy, Alaska",earthquake,,0.3,,,automatic,ak,ak
2020-10-08T20:53:42.730Z,33.2115,-116.0623333,9.55,1.97,ml,53,51,0.1046,0.19,ci,ci39657024,2020-10-08T21:04:41.160Z,"10km NE of Ocotillo Wells, CA",earthquake,0.24,0.84,0.178,28,automatic,ci,ci
2020-10-08T20:43:08.584Z,61.4554,-149.9724,31.6,1.4,ml,,,,0.97,ak,ak020cypprsj,2020-10-08T20:49:11.895Z,"7 km S of Big Lake, Alaska",earthquake,,0.2,,,automatic,ak,ak
2020-10-08T20:24:52.090Z,38.840168,-122.7634964,1.02,0.74,md,11,118,0.01036,0.02,nc,nc73468456,2020-10-08T20:26:29.439Z,"4km WNW of Cobb, CA",earthquake,0.33,0.51,0.01,3,automatic,nc,nc
2020-10-08T20:24:22.470Z,17.9001,-65.7131,5,3.05,md,12,302,0.2774,0.57,pr,pr2020282021,2020-10-09T04:32:14.827Z,"21 km SE of El Negro, Puerto Rico",earthquake,1.84,31.61,0.22,11,reviewed,pr,pr
2020-10-08T20:19:45.943Z,62.149,-152.1105,102.3,2.1,ml,,,,0.55,ak,ak020cypkpi0,2020-10-08T20:24:49.288Z,"41 km WNW of Skwentna, Alaska",earthquake,,0.8,,,automatic,ak,ak
2020-10-08T20:17:46.020Z,38.8408318,-122.7655029,0.95,0.54,md,9,132,0.00869,0.04,nc,nc73468451,2020-10-08T20:19:23.816Z,"4km WNW of Cobb, CA",earthquake,0.39,0.57,0.12,3,automatic,nc,nc
2020-10-08T20:06:49.270Z,36.0858333,-117.8701667,2.93,1.17,ml,15,86,0.03402,0.17,ci,ci39656944,2020-10-08T20:47:00.328Z,"8km ENE of Coso Junction, CA",earthquake,0.35,0.66,0.204,16,reviewed,ci,ci
2020-10-08T19:54:25.160Z,38.8213348,-122.8081665,2.54,0.75,md,18,37,0.00254,0.02,nc,nc73468436,2020-10-08T19:56:00.848Z,"7km NW of The Geysers, CA",earthquake,0.28,0.6,0.13,4,automatic,nc,nc
2020-10-08T19:53:52.720Z,38.8059998,-122.82267,2.66,0.32,md,16,69,0.005836,0.02,nc,nc73468431,2020-10-08T19:55:29.650Z,"7km WNW of The Geysers, CA",earthquake,0.3,0.59,0.24,2,automatic,nc,nc
2020-10-08T19:53:13.184Z,62.293,-149.3181,41,1.7,ml,,,,0.55,ak,ak020cyp6hpy,2020-10-08T20:07:50.611Z,"31 km ENE of Susitna North, Alaska",earthquake,,1.2,,,automatic,ak,ak
2020-10-08T19:52:35.610Z,19.2234992980957,-155.384338378906,30.4599990844727,2.12,ml,48,153,,0.129999995,hv,hv72172086,2020-10-08T19:58:06.340Z,"10 km ENE of Pāhala, Hawaii",earthquake,0.57,0.730000019,0.32,4,automatic,hv,hv
2020-10-08T19:41:34.910Z,35.7266667,-117.5508333,11.66,1.32,ml,21,134,0.09665,0.19,ci,ci39656904,2020-10-08T19:45:21.691Z,"14km WSW of Searles Valley, CA",earthquake,0.39,0.91,0.194,16,automatic,ci,ci
2020-10-08T19:40:31.630Z,36.4803333,-81.0908333,1.36,-0.67,md,4,131,0.003396,0.05,se,se60311762,2020-10-09T12:43:05.260Z,"3 km SE of Sparta, North Carolina",earthquake,0.5,0.54,0.006,4,reviewed,se,se
2020-10-08T19:37:50.850Z,38.751667,-122.7125015,1.9,1.23,md,12,105,0.01384,0.06,nc,nc73468421,2020-10-08T21:03:07.258Z,"3km SW of Anderson Springs, CA",earthquake,0.37,0.41,0.06,6,automatic,nc,nc
2020-10-08T19:37:08.980Z,38.7599983,-122.7203369,1.39,0.79,md,8,148,0.003879,0.03,nc,nc73468416,2020-10-08T19:59:04.848Z,"3km SW of Anderson Springs, CA",earthquake,0.89,0.81,0.13,3,automatic,nc,nc
2020-10-08T19:36:25.160Z,33.718,-116.7718333,15.1,0.88,ml,25,104,0.04855,0.22,ci,ci39656896,2020-10-08T20:47:35.334Z,"6km WSW of Idyllwild, CA",earthquake,0.6,0.69,0.186,19,reviewed,ci,ci
2020-10-08T19:23:48.380Z,37.5895,-118.8898333,2,-0.15,md,4,251,0.0303,0.04,nc,nc73468411,2020-10-08T20:09:33.975Z,"10km SE of Mammoth Lakes, CA",earthquake,1.31,2.54,0.179,4,reviewed,nc,nc
2020-10-08T19:23:33.870Z,17.94,-66.8963,12,2.42,md,10,213,0.039,0.14,pr,pr2020282018,2020-10-08T22:52:41.467Z,"3 km SSE of Guánica, Puerto Rico",earthquake,0.81,0.5,0.17,9,reviewed,pr,pr
2020-10-08T19:12:37.090Z,33.6501667,-116.7073333,12.86,0.72,ml,26,96,0.06111,0.15,ci,ci39656824,2020-10-08T19:16:13.201Z,"10km S of Idyllwild, CA",earthquake,0.3,0.49,0.159,17,automatic,ci,ci
2020-10-08T19:09:44.739Z,63.125,-149.7089,79.8,1.9,ml,,,,0.66,ak,ak020cyox4k1,2020-10-08T19:15:26.599Z,"48 km SW of Cantwell, Alaska",earthquake,,0.6,,,automatic,ak,ak
2020-10-08T19:09:35.520Z,39.6096667,-121.5685,-0.13,1.88,md,8,173,0.056,0.02,nc,nc73468406,2020-10-09T00:14:03.279Z,"11km N of Oroville, CA",quarry blast,0.54,31.61,0.21,13,reviewed,nc,nc
2020-10-08T19:04:42.050Z,46.0141667,-112.4603333,-2,1.65,ml,11,115,0.067,0.14,mb,mb80467429,2020-10-08T19:30:18.640Z,"5 km ENE of Butte, Montana",quarry blast,0.55,31.61,0.134,7,reviewed,mb,mb
2020-10-08T19:04:36.376Z,62.3395,-151.2351,75.2,1.9,ml,,,,0.66,ak,ak020cyow1f1,2020-10-08T19:13:46.190Z,"29 km SW of Petersville, Alaska",earthquake,,0.9,,,automatic,ak,ak
2020-10-08T18:52:50.850Z,38.8196678,-122.7666702,1.95,1.36,md,30,56,0.01108,0.03,nc,nc73468401,2020-10-08T20:23:04.994Z,"4km W of Cobb, CA",earthquake,0.2,0.34,0.13,6,automatic,nc,nc
2020-10-08T18:48:22.390Z,38.0362,-118.7567,4.8,1.3,ml,8,116.65,0.314,0.13,nn,nn00777844,2020-10-08T19:06:21.748Z,"33 km ENE of Lee Vining, California",earthquake,,2.8,,,automatic,nn,nn
2020-10-08T18:45:44.140Z,36.499,-81.1131667,0.1,-0.61,md,4,222,0.02522,0.12,se,se60311757,2020-10-09T12:48:09.630Z,"0 km SE of Sparta, North Carolina",earthquake,0.66,11.54,0.059,4,reviewed,se,se
2020-10-08T18:43:54.850Z,40.4685,-124.7943333,23.94,2.07,md,19,269,0.3486,0.13,nc,nc73468396,2020-10-09T02:27:06.495Z,"46km WNW of Petrolia, CA",earthquake,1.33,7.15,0.278,16,reviewed,nc,nc
2020-10-08T18:37:13.980Z,46.9673333333333,-122.237666666667,-0.63,1.29,ml,13,115,0.0233,0.2,uw,uw61691971,2020-10-08T18:50:31.390Z,"2 km SSW of Kapowsin, Washington",explosion,0.64,31.61,0.251911794367887,6,reviewed,uw,uw
2020-10-08T18:34:48.720Z,38.1472,-118.0333,2.4,0.8,ml,11,147.71,0.023,0.13,nn,nn00777842,2020-10-08T18:45:03.491Z,"27 km SSE of Mina, Nevada",earthquake,,12.4,,,automatic,nn,nn
2020-10-08T18:25:50.050Z,36.2406667,-89.486,9.76,1.38,md,24,35,0.02535,0.04,nm,nm60311752,2020-10-09T15:46:07.330Z,"2 km S of Ridgely, Tennessee",earthquake,0.29,0.51,0.13,16,reviewed,nm,nm
2020-10-08T18:24:51.846Z,52.6971,152.6372,519.36,5,mb,,39,3.093,0.87,us,us6000c6um,2020-10-08T21:10:32.040Z,"296 km WNW of Ozernovskiy, Russia",earthquake,8.7,6.3,0.02,773,reviewed,us,us
2020-10-08T18:22:22.440Z,38.8328323,-122.7805023,10.19,0.58,md,10,87,0.0086,0.09,nc,nc73468381,2020-10-08T18:55:05.489Z,"5km WNW of Cobb, CA",earthquake,1.31,4.42,,1,automatic,nc,nc
2020-10-08T18:13:13.862Z,60.8353,-151.8208,86.6,1.7,ml,,,,0.45,ak,ak020cyochl8,2020-10-08T18:18:06.693Z,"33 km WNW of Nikiski, Alaska",earthquake,,0.7,,,automatic,ak,ak
2020-10-08T18:11:52.820Z,36.4261667,-90.8245,8.57,2.56,md,9,144,0.4442,0.16,nm,nm60114723,2020-10-09T16:42:27.978Z,"6 km E of Maynard, Arkansas",earthquake,0.48,1.29,0.14,7,reviewed,nm,nm
2020-10-08T18:10:22.830Z,17.9181,-67.0811,10,1.61,md,4,309,0.0632,0.09,pr,pr2020282017,2020-10-08T18:26:37.600Z,"7 km SSW of La Parguera, Puerto Rico",earthquake,1.12,0.58,0.24,3,reviewed,pr,pr
2020-10-08T18:07:51.290Z,38.8354988,-122.8048325,1.82,0.83,md,16,55,0.01168,0.04,nc,nc73468376,2020-10-08T18:23:04.335Z,"7km WNW of Cobb, CA",earthquake,0.27,0.53,0.07,2,automatic,nc,nc
2020-10-08T18:05:07.118Z,-18.1937,-178.3616,623.43,4.2,mb,,134,3.441,0.82,us,us6000c6ui,2020-10-08T21:03:14.040Z,"246 km E of Levuka, Fiji",earthquake,17.2,11,0.084,39,reviewed,us,us
2020-10-08T18:03:44.320Z,18.0533,-66.8483,21,2.28,md,10,83,0.0841,0.23,pr,pr2020282016,2020-10-08T18:23:34.592Z,"2 km N of Yauco, Puerto Rico",earthquake,0.68,0.98,0.06,7,reviewed,pr,pr
2020-10-08T18:03:03.290Z,38.050499,-118.7791672,13.88,2.32,md,16,122,0.2949,0.05,nc,nc73468371,2020-10-09T02:24:44.113Z,"27km SE of Bodie, CA",earthquake,0.57,2.67,0.29,12,automatic,nc,nc
2020-10-08T17:51:35.059Z,60.0944,-152.9572,117,2.6,ml,,,,0.49,ak,ak020cynz8pe,2020-10-08T20:46:50.040Z,"Southern Alaska",earthquake,,0.3,,,reviewed,ak,ak
2020-10-08T17:45:40.028Z,64.7157,-150.5614,15,1.3,ml,,,,0.89,ak,ak020cynxyuq,2020-10-08T17:50:05.704Z,"32 km S of Manley Hot Springs, Alaska",earthquake,,0.3,,,automatic,ak,ak
2020-10-08T17:42:20.780Z,33.6026667,-116.7981667,6.53,0.35,ml,11,88,0.02981,0.14,ci,ci39656728,2020-10-08T17:46:03.974Z,"13km WNW of Anza, CA",earthquake,0.55,0.6,0.073,4,automatic,ci,ci
2020-10-08T17:30:48.870Z,33.5836667,-116.814,4.84,2.66,ml,97,14,0.04284,0.22,ci,ci39656712,2020-10-08T23:19:54.968Z,"13km WNW of Anza, CA",earthquake,0.16,0.51,0.155,25,automatic,ci,ci
2020-10-08T17:16:20.310Z,17.8693,-66.836,15,2.59,md,16,242,0.1143,0.22,pr,pr2020282015,2020-10-08T17:35:48.495Z,"13 km SSE of Maria Antonia, Puerto Rico",earthquake,0.68,0.73,0.26,11,reviewed,pr,pr
